epoch,time,train/box_loss,train/cls_loss,train/dfl_loss,metrics/precision(B),metrics/recall(B),metrics/mAP50(B),metrics/mAP50-95(B),val/box_loss,val/cls_loss,val/dfl_loss,lr/pg0,lr/pg1,lr/pg2
1,4.30441,1.19624,1.97878,1.10902,0.82887,0.42689,0.67275,0.47262,1.07648,1.95191,1.17005,0.0829,0.0019,0.0019
2,7.29381,0.77777,0.85178,0.96853,0.00045,0.01415,0.00028,4e-05,4.52626,inf,16.1558,0.0648998,0.00389976,0.00389976
3,9.97789,0.7585,0.80201,0.95722,0.01239,0.36439,0.0085,0.00199,3.21141,inf,4.24866,0.0468986,0.00589856,0.00589856
4,12.6342,0.76283,0.79262,0.96109,0.26626,0.38728,0.23436,0.09227,2.37756,3.00538,3.29615,0.0288957,0.00789566,0.00789566
5,15.2963,0.76057,0.76584,0.96549,0.62267,0.70835,0.69116,0.49279,1.0371,1.4943,1.08366,0.0108903,0.00989033,0.00989033
6,17.9649,0.76275,0.7458,0.97238,0.40118,0.48231,0.39791,0.23857,1.46633,1.86452,1.297,0.00998474,0.00998474,0.00998474
7,20.6185,0.71996,0.68827,0.94336,0.81116,0.86321,0.83774,0.64802,0.85653,0.83733,1.08275,0.00997803,0.00997803,0.00997803
8,23.2804,0.68807,0.69028,0.93646,0.80425,0.84786,0.81404,0.60441,0.79138,0.9336,1.15185,0.00997011,0.00997011,0.00997011
9,25.9026,0.64169,0.64354,0.93116,0.90196,0.90684,0.87241,0.74309,0.63751,0.63987,1.20261,0.00996097,0.00996097,0.00996097
10,28.5792,0.60048,0.60325,0.9143,0.88367,0.90476,0.87095,0.73812,0.61956,0.64443,0.92064,0.00995062,0.00995062,0.00995062
11,31.8101,0.58369,0.57167,0.91041,0.90412,0.90802,0.8801,0.74555,0.6135,0.63573,0.91518,0.00993906,0.00993906,0.00993906
12,34.4402,0.59921,0.59859,0.9112,0.92618,0.91627,0.90064,0.76284,0.63594,0.54676,0.90946,0.00992629,0.00992629,0.00992629
13,37.1062,0.61647,0.60827,0.91568,0.91185,0.90684,0.87611,0.78111,0.54541,0.56631,0.92916,0.00991232,0.00991232,0.00991232
14,39.7961,0.61738,0.59652,0.91974,0.91728,0.90231,0.89101,0.7679,0.58231,0.57848,0.91437,0.00989715,0.00989715,0.00989715
15,42.4557,0.60188,0.60139,0.92071,0.92987,0.92254,0.88848,0.77114,0.54932,0.53128,0.89386,0.00988079,0.00988079,0.00988079
16,45.1074,0.55399,0.55511,0.90263,0.92705,0.91038,0.88662,0.76971,0.54977,0.58747,0.90453,0.00986323,0.00986323,0.00986323
17,47.7536,0.55591,0.5443,0.90017,0.92962,0.91901,0.89129,0.78866,0.51714,0.53275,0.89739,0.00984449,0.00984449,0.00984449
18,50.376,0.53285,0.52786,0.89781,0.93039,0.91981,0.90129,0.78972,0.54058,0.4856,0.88732,0.00982456,0.00982456,0.00982456
19,53.0632,0.57307,0.54529,0.8919,0.9275,0.90512,0.89151,0.78216,0.5481,0.52413,0.89376,0.00980345,0.00980345,0.00980345
20,55.6987,0.56705,0.54026,0.89838,0.9206,0.91609,0.90295,0.78874,0.53867,0.50702,0.89693,0.00978118,0.00978118,0.00978118
21,58.3383,0.54652,0.53916,0.89458,0.92677,0.91981,0.90509,0.79821,0.49146,0.46979,0.8766,0.00975773,0.00975773,0.00975773
22,60.9836,0.5385,0.52989,0.8974,0.92732,0.92335,0.91035,0.78877,0.51421,0.47028,0.87761,0.00973312,0.00973312,0.00973312
23,63.6281,0.53838,0.53502,0.89105,0.93346,0.92649,0.90847,0.79512,0.52375,0.47726,0.88306,0.00970736,0.00970736,0.00970736
24,66.3711,0.53374,0.52132,0.88606,0.93476,0.91981,0.90931,0.77734,0.56986,0.48233,0.89307,0.00968045,0.00968045,0.00968045
25,69.0104,0.52545,0.51707,0.89304,0.93181,0.92335,0.90556,0.80782,0.4839,0.49903,0.87606,0.00965239,0.00965239,0.00965239
26,71.668,0.52793,0.5293,0.89956,0.9288,0.92292,0.91332,0.8141,0.4616,0.48328,0.88322,0.0096232,0.0096232,0.0096232
27,74.3238,0.51,0.49584,0.88401,0.92869,0.92571,0.89539,0.79965,0.49046,0.48023,0.88719,0.00959289,0.00959289,0.00959289
28,76.9662,0.49569,0.49947,0.88393,0.92038,0.91745,0.88767,0.7979,0.48772,0.53852,0.87811,0.00956145,0.00956145,0.00956145
29,79.6083,0.50713,0.51804,0.88441,0.92949,0.92099,0.89995,0.8037,0.47173,0.47331,0.88194,0.00952889,0.00952889,0.00952889
30,82.2671,0.53497,0.52845,0.89239,0.92675,0.91392,0.88714,0.79676,0.48556,0.45592,0.87526,0.00949524,0.00949524,0.00949524
31,84.9096,0.55227,0.51615,0.89062,0.93308,0.92076,0.89816,0.79053,0.51606,0.47975,0.88456,0.00946048,0.00946048,0.00946048
32,87.5677,0.52553,0.50836,0.88207,0.93058,0.91685,0.88874,0.80277,0.47036,0.45505,0.875,0.00942464,0.00942464,0.00942464
33,90.2177,0.484,0.47586,0.8705,0.93025,0.91863,0.90802,0.82401,0.4423,0.42779,0.86342,0.00938772,0.00938772,0.00938772
34,92.8795,0.49262,0.48792,0.87802,0.92399,0.92217,0.90377,0.8137,0.46621,0.45988,0.86565,0.00934973,0.00934973,0.00934973
35,95.5676,0.50161,0.50649,0.87727,0.91901,0.91981,0.90191,0.81912,0.44104,0.46501,0.86382,0.00931067,0.00931067,0.00931067
36,98.2215,0.50051,0.49419,0.87478,0.92648,0.9214,0.89275,0.79366,0.51582,0.52528,0.87496,0.00927057,0.00927057,0.00927057
37,101.079,0.50897,0.51688,0.88121,0.9252,0.92925,0.91494,0.79782,0.50871,0.48422,0.86603,0.00922942,0.00922942,0.00922942
38,103.779,0.49192,0.50189,0.87391,0.92243,0.92553,0.91202,0.80784,0.49537,0.44191,0.86311,0.00918725,0.00918725,0.00918725
39,106.441,0.49053,0.49214,0.87427,0.93224,0.92571,0.91519,0.81761,0.47276,0.41682,0.85535,0.00914405,0.00914405,0.00914405
40,109.124,0.48974,0.48226,0.87329,0.92775,0.92571,0.9139,0.81724,0.44159,0.42882,0.85845,0.00909984,0.00909984,0.00909984
41,111.797,0.50145,0.48627,0.87465,0.93093,0.92178,0.90865,0.81046,0.4501,0.41116,0.85774,0.00905463,0.00905463,0.00905463
42,114.462,0.4821,0.47945,0.87353,0.92654,0.92218,0.91434,0.81611,0.4662,0.45355,0.86272,0.00900844,0.00900844,0.00900844
43,117.137,0.48099,0.4672,0.86792,0.93124,0.92571,0.90423,0.82064,0.43138,0.40988,0.85485,0.00896127,0.00896127,0.00896127
44,119.788,0.475,0.47628,0.86818,0.93203,0.92166,0.91189,0.81253,0.47023,0.4336,0.86802,0.00891313,0.00891313,0.00891313
45,122.483,0.49976,0.49808,0.87503,0.92887,0.92402,0.91462,0.83899,0.40856,0.41604,0.8557,0.00886404,0.00886404,0.00886404
46,125.156,0.4774,0.46587,0.86698,0.9314,0.92453,0.91264,0.81814,0.43755,0.41589,0.85508,0.00881401,0.00881401,0.00881401
47,127.82,0.47242,0.47344,0.86947,0.92696,0.92788,0.91043,0.82621,0.43228,0.40922,0.85522,0.00876305,0.00876305,0.00876305
48,130.478,0.47475,0.46569,0.86577,0.93223,0.92469,0.90512,0.82438,0.42288,0.41136,0.85874,0.00871117,0.00871117,0.00871117
49,133.14,0.47146,0.46536,0.86548,0.92866,0.92689,0.91914,0.82605,0.43705,0.42453,0.85795,0.00865839,0.00865839,0.00865839
50,135.88,0.46179,0.46101,0.85961,0.93471,0.92453,0.92369,0.83893,0.41225,0.39626,0.85706,0.00860473,0.00860473,0.00860473
51,138.73,0.4468,0.45196,0.8581,0.92992,0.92689,0.92011,0.83151,0.42169,0.4001,0.84695,0.00855018,0.00855018,0.00855018
52,141.385,0.4658,0.46275,0.86304,0.92818,0.92099,0.91466,0.82725,0.41664,0.4148,0.84829,0.00849477,0.00849477,0.00849477
53,144.06,0.4591,0.4532,0.86184,0.93008,0.92689,0.91919,0.82662,0.41336,0.41175,0.85008,0.00843851,0.00843851,0.00843851
54,146.725,0.46126,0.46394,0.86691,0.93449,0.92513,0.89753,0.81262,0.43869,0.44418,0.85689,0.00838141,0.00838141,0.00838141
55,149.396,0.45565,0.46819,0.86508,0.93255,0.92935,0.91683,0.82124,0.45696,0.41512,0.85179,0.00832349,0.00832349,0.00832349
56,152.064,0.44363,0.45287,0.86034,0.93025,0.92789,0.91044,0.83358,0.42675,0.4042,0.85046,0.00826477,0.00826477,0.00826477
57,154.732,0.45121,0.46595,0.86058,0.93245,0.92783,0.91656,0.84048,0.40104,0.39675,0.84518,0.00820525,0.00820525,0.00820525
58,157.416,0.44308,0.45095,0.84981,0.92998,0.92689,0.92307,0.83363,0.42901,0.40761,0.85325,0.00814495,0.00814495,0.00814495
59,160.337,0.44049,0.44007,0.85733,0.93026,0.92809,0.91836,0.83148,0.42698,0.40283,0.85314,0.00808389,0.00808389,0.00808389
60,163.038,0.43575,0.43511,0.85275,0.93239,0.92807,0.91861,0.83885,0.40376,0.41675,0.84714,0.00802208,0.00802208,0.00802208
61,165.715,0.45254,0.44778,0.85595,0.93426,0.92335,0.90788,0.84111,0.37784,0.41424,0.84283,0.00795954,0.00795954,0.00795954
62,168.384,0.44453,0.44915,0.85558,0.93447,0.92335,0.90791,0.83374,0.38924,0.39556,0.84436,0.00789628,0.00789628,0.00789628
63,171.128,0.44364,0.45507,0.85783,0.93484,0.92571,0.90587,0.82578,0.41653,0.38769,0.84493,0.00783231,0.00783231,0.00783231
64,174.562,0.42979,0.45494,0.85971,0.93314,0.92689,0.91904,0.83676,0.39864,0.39034,0.84195,0.00776766,0.00776766,0.00776766
65,177.283,0.44308,0.44522,0.85412,0.93228,0.92532,0.9185,0.84156,0.39097,0.37985,0.84148,0.00770234,0.00770234,0.00770234
66,179.975,0.42374,0.43959,0.85171,0.93126,0.92217,0.9062,0.83359,0.39337,0.38418,0.84853,0.00763637,0.00763637,0.00763637
67,182.641,0.42255,0.4289,0.84298,0.93411,0.92689,0.9094,0.82681,0.41502,0.37658,0.8446,0.00756976,0.00756976,0.00756976
68,185.322,0.43276,0.44289,0.85905,0.93026,0.92804,0.91289,0.82921,0.43354,0.39215,0.84892,0.00750252,0.00750252,0.00750252
69,188.243,0.41855,0.43743,0.84882,0.92827,0.93095,0.91342,0.8354,0.40595,0.37837,0.85244,0.00743468,0.00743468,0.00743468
70,190.882,0.41592,0.42968,0.84509,0.93132,0.93042,0.92465,0.84709,0.3708,0.37118,0.8419,0.00736625,0.00736625,0.00736625
71,193.576,0.42647,0.43529,0.85519,0.9292,0.92858,0.92788,0.84376,0.40731,0.38745,0.84633,0.00729725,0.00729725,0.00729725
72,196.247,0.42785,0.4308,0.84508,0.93352,0.92689,0.91717,0.84618,0.38402,0.38587,0.84547,0.0072277,0.0072277,0.0072277
73,198.929,0.44037,0.44748,0.85479,0.93668,0.92449,0.92395,0.83912,0.40184,0.37964,0.84484,0.00715761,0.00715761,0.00715761
74,201.593,0.42873,0.4281,0.84989,0.93595,0.92689,0.91705,0.83018,0.43889,0.38595,0.8526,0.007087,0.007087,0.007087
75,204.258,0.42035,0.42879,0.85286,0.93538,0.92689,0.91081,0.83082,0.4248,0.38412,0.84772,0.00701588,0.00701588,0.00701588
76,207.016,0.41247,0.44056,0.85176,0.93665,0.92413,0.91418,0.84026,0.39717,0.37732,0.84027,0.00694428,0.00694428,0.00694428
77,209.696,0.42242,0.43204,0.84905,0.93486,0.92335,0.91533,0.83931,0.37729,0.36857,0.84377,0.00687222,0.00687222,0.00687222
78,212.364,0.40805,0.41264,0.84631,0.93104,0.92807,0.91616,0.84443,0.3879,0.37788,0.83733,0.0067997,0.0067997,0.0067997
79,215.041,0.41811,0.42778,0.84826,0.9326,0.93,0.91663,0.8314,0.41236,0.37799,0.84389,0.00672675,0.00672675,0.00672675
80,217.716,0.42985,0.42711,0.84389,0.9328,0.93042,0.92484,0.84474,0.39985,0.36926,0.84022,0.00665339,0.00665339,0.00665339
81,220.404,0.40864,0.4156,0.84639,0.93316,0.92571,0.91951,0.84117,0.39368,0.37792,0.83988,0.00657963,0.00657963,0.00657963
82,223.083,0.41272,0.42815,0.85014,0.93239,0.92696,0.92457,0.84624,0.39286,0.39175,0.85,0.0065055,0.0065055,0.0065055
83,225.804,0.41309,0.42829,0.8494,0.9359,0.92335,0.90997,0.83501,0.38646,0.36962,0.8489,0.00643101,0.00643101,0.00643101
84,228.579,0.40576,0.41842,0.84551,0.93549,0.92571,0.92013,0.83855,0.38938,0.37914,0.83908,0.00635617,0.00635617,0.00635617
85,231.25,0.39949,0.40793,0.84082,0.93315,0.92182,0.91895,0.83642,0.39528,0.38595,0.84482,0.00628101,0.00628101,0.00628101
86,233.932,0.41025,0.4222,0.84493,0.9326,0.92217,0.91985,0.83892,0.39571,0.38645,0.84225,0.00620555,0.00620555,0.00620555
87,236.609,0.40752,0.42961,0.84282,0.9345,0.92571,0.92435,0.85834,0.36825,0.36905,0.83753,0.00612981,0.00612981,0.00612981
88,239.276,0.41258,0.43543,0.85291,0.93597,0.92689,0.92904,0.84445,0.41799,0.36218,0.84568,0.0060538,0.0060538,0.0060538
89,241.948,0.40377,0.41712,0.84341,0.93437,0.9316,0.92105,0.83332,0.43687,0.38444,0.8448,0.00597754,0.00597754,0.00597754
90,244.637,0.40018,0.40854,0.84252,0.9365,0.92925,0.919,0.84256,0.40811,0.3636,0.84348,0.00590105,0.00590105,0.00590105
91,247.411,0.4049,0.43071,0.8453,0.93538,0.92925,0.92207,0.84223,0.38755,0.35159,0.83545,0.00582435,0.00582435,0.00582435
92,250.091,0.39693,0.42207,0.83892,0.93654,0.92453,0.92417,0.85093,0.36786,0.34825,0.83079,0.00574746,0.00574746,0.00574746
93,252.774,0.39206,0.41121,0.8348,0.93202,0.92158,0.92526,0.84501,0.38428,0.37311,0.83513,0.0056704,0.0056704,0.0056704
94,255.45,0.39992,0.40672,0.84306,0.9347,0.92453,0.92693,0.85159,0.38567,0.36621,0.8348,0.00559318,0.00559318,0.00559318
95,258.128,0.40277,0.41011,0.84413,0.93413,0.92335,0.92489,0.85761,0.36405,0.36131,0.83611,0.00551584,0.00551584,0.00551584
96,260.788,0.39307,0.39484,0.84369,0.93345,0.92629,0.92735,0.85359,0.379,0.35507,0.83669,0.00543837,0.00543837,0.00543837
97,263.651,0.40627,0.40383,0.83708,0.93331,0.92417,0.91882,0.84145,0.40278,0.36298,0.84144,0.00536081,0.00536081,0.00536081
98,266.312,0.39724,0.41349,0.84113,0.93426,0.92689,0.92489,0.84964,0.37159,0.35932,0.83721,0.00528318,0.00528318,0.00528318
99,268.99,0.3864,0.40031,0.84133,0.93338,0.92523,0.92908,0.85608,0.37897,0.36327,0.83898,0.00520548,0.00520548,0.00520548
100,271.658,0.40048,0.41637,0.85002,0.9356,0.92807,0.93605,0.86612,0.36006,0.34457,0.83834,0.00512775,0.00512775,0.00512775
101,274.329,0.39744,0.40821,0.84668,0.93682,0.92925,0.92688,0.86216,0.36515,0.34836,0.83662,0.00505,0.00505,0.00505
102,276.982,0.39523,0.41026,0.84184,0.9348,0.92925,0.92789,0.8589,0.37591,0.35294,0.83926,0.00497225,0.00497225,0.00497225
103,279.65,0.38496,0.40371,0.83434,0.93346,0.92925,0.93539,0.858,0.38677,0.36105,0.84226,0.00489452,0.00489452,0.00489452
104,282.329,0.37773,0.39588,0.83221,0.93346,0.92642,0.93027,0.86217,0.37201,0.35294,0.83775,0.00481682,0.00481682,0.00481682
105,285.093,0.37048,0.39587,0.83627,0.93058,0.92807,0.92115,0.84793,0.37296,0.35349,0.83894,0.00473919,0.00473919,0.00473919
106,287.739,0.38305,0.40816,0.83809,0.93575,0.92571,0.92387,0.84545,0.38368,0.35744,0.83751,0.00466163,0.00466163,0.00466163
107,290.784,0.37717,0.4004,0.83709,0.93619,0.92571,0.92542,0.8448,0.40554,0.36576,0.84106,0.00458416,0.00458416,0.00458416
108,293.455,0.3752,0.3927,0.83617,0.93618,0.92571,0.92745,0.8511,0.37725,0.36536,0.83956,0.00450682,0.00450682,0.00450682
109,296.12,0.38051,0.40217,0.83948,0.93132,0.92925,0.92987,0.86112,0.36653,0.34546,0.83549,0.0044296,0.0044296,0.0044296
110,298.773,0.37969,0.39056,0.83007,0.93253,0.92905,0.93153,0.86485,0.35173,0.35125,0.83386,0.00435254,0.00435254,0.00435254
111,301.435,0.38301,0.38804,0.83554,0.93237,0.92673,0.92559,0.85401,0.3693,0.35019,0.83317,0.00427565,0.00427565,0.00427565
112,304.502,0.38466,0.39798,0.83534,0.93317,0.92571,0.92972,0.85722,0.37734,0.35143,0.83248,0.00419895,0.00419895,0.00419895
113,307.234,0.37311,0.3933,0.83804,0.9301,0.93042,0.93341,0.86461,0.36561,0.34953,0.8334,0.00412246,0.00412246,0.00412246
114,309.92,0.38157,0.3981,0.83543,0.9352,0.92689,0.93636,0.87019,0.34471,0.33977,0.83113,0.0040462,0.0040462,0.0040462
115,312.597,0.36383,0.38938,0.8308,0.92893,0.9316,0.93558,0.87085,0.3493,0.33312,0.83198,0.00397019,0.00397019,0.00397019
116,315.271,0.37417,0.39999,0.833,0.93262,0.93042,0.93164,0.86765,0.34836,0.3352,0.82938,0.00389445,0.00389445,0.00389445
117,317.957,0.37505,0.38563,0.83232,0.93304,0.93042,0.93002,0.86222,0.34339,0.33401,0.82852,0.00381899,0.00381899,0.00381899
118,320.709,0.37436,0.39433,0.83482,0.93667,0.92436,0.9218,0.86541,0.34272,0.33666,0.82925,0.00374383,0.00374383,0.00374383
119,323.373,0.3809,0.39306,0.83587,0.92948,0.93256,0.9309,0.85376,0.38261,0.34289,0.83156,0.00366899,0.00366899,0.00366899
120,326.02,0.37965,0.39393,0.83908,0.93639,0.92689,0.92753,0.86083,0.36448,0.3454,0.83329,0.0035945,0.0035945,0.0035945
121,328.694,0.36531,0.38808,0.83462,0.93687,0.92759,0.92413,0.86164,0.36485,0.34209,0.83385,0.00352037,0.00352037,0.00352037
122,331.345,0.36386,0.36869,0.83019,0.93632,0.92689,0.92931,0.86575,0.35392,0.34476,0.83219,0.00344661,0.00344661,0.00344661
123,333.997,0.37236,0.39091,0.83132,0.93007,0.92925,0.93023,0.8724,0.33741,0.33133,0.82659,0.00337325,0.00337325,0.00337325
124,336.662,0.36307,0.38605,0.83529,0.93118,0.92807,0.92908,0.86523,0.35458,0.33391,0.82961,0.0033003,0.0033003,0.0033003
125,339.301,0.35858,0.38486,0.83143,0.93505,0.92453,0.93493,0.87292,0.33665,0.32954,0.82799,0.00322778,0.00322778,0.00322778
126,341.977,0.3664,0.38648,0.83646,0.93497,0.92453,0.93324,0.8691,0.34083,0.33147,0.82649,0.00315572,0.00315572,0.00315572
127,344.641,0.35486,0.37774,0.83021,0.93675,0.92568,0.93273,0.8708,0.36729,0.33574,0.82898,0.00308412,0.00308412,0.00308412
128,347.297,0.36262,0.38464,0.82827,0.93672,0.92689,0.93564,0.86289,0.38167,0.34263,0.83219,0.003013,0.003013,0.003013
129,349.958,0.36878,0.3912,0.83754,0.93561,0.92807,0.93485,0.8746,0.34347,0.33411,0.82855,0.00294239,0.00294239,0.00294239
130,352.621,0.36471,0.39177,0.83424,0.93629,0.92807,0.93694,0.88604,0.31902,0.32573,0.82633,0.0028723,0.0028723,0.0028723
131,355.29,0.35562,0.37001,0.83067,0.93653,0.92807,0.93915,0.87729,0.34698,0.32918,0.82816,0.00280275,0.00280275,0.00280275
132,358.029,0.35743,0.37564,0.83512,0.93262,0.93041,0.94321,0.88437,0.34023,0.32633,0.82971,0.00273375,0.00273375,0.00273375
133,360.69,0.36407,0.38015,0.83347,0.93138,0.9316,0.9444,0.88124,0.34532,0.32812,0.83149,0.00266532,0.00266532,0.00266532
134,363.949,0.3484,0.36675,0.82527,0.93477,0.92571,0.94039,0.88158,0.34665,0.33493,0.8301,0.00259748,0.00259748,0.00259748
135,366.681,0.35348,0.37562,0.83517,0.9366,0.92689,0.94353,0.8869,0.32364,0.32479,0.8251,0.00253024,0.00253024,0.00253024
136,369.364,0.35684,0.38457,0.83016,0.93473,0.92807,0.94523,0.88659,0.33783,0.33096,0.82823,0.00246363,0.00246363,0.00246363
137,372.005,0.3643,0.37285,0.83018,0.93681,0.92661,0.94286,0.87819,0.34185,0.32749,0.83024,0.00239766,0.00239766,0.00239766
138,374.661,0.35335,0.37757,0.8309,0.93441,0.92807,0.9388,0.87184,0.35388,0.33092,0.83094,0.00233234,0.00233234,0.00233234
139,377.319,0.35167,0.3845,0.82819,0.92949,0.93266,0.9421,0.8728,0.35405,0.33741,0.83043,0.00226769,0.00226769,0.00226769
140,379.969,0.34592,0.37618,0.82877,0.93635,0.92807,0.94331,0.87842,0.34757,0.33334,0.8289,0.00220372,0.00220372,0.00220372
141,382.617,0.35477,0.37994,0.83179,0.93696,0.929,0.93461,0.87711,0.33353,0.32888,0.82866,0.00214046,0.00214046,0.00214046
142,385.287,0.35005,0.3834,0.82522,0.93049,0.93133,0.9337,0.87408,0.33553,0.32734,0.82881,0.00207792,0.00207792,0.00207792
143,387.942,0.36865,0.38699,0.83554,0.93157,0.93115,0.93498,0.87509,0.34333,0.32646,0.82921,0.00201611,0.00201611,0.00201611
144,390.599,0.3517,0.37891,0.82846,0.93681,0.92655,0.93068,0.8774,0.32863,0.32409,0.82958,0.00195505,0.00195505,0.00195505
145,393.566,0.34421,0.37287,0.83084,0.93261,0.93021,0.93642,0.87317,0.34034,0.3259,0.82787,0.00189475,0.00189475,0.00189475
146,396.386,0.34944,0.37828,0.82786,0.9327,0.93148,0.93886,0.87581,0.338,0.32506,0.82722,0.00183523,0.00183523,0.00183523
147,399.045,0.34148,0.3644,0.81978,0.93609,0.92571,0.94141,0.8791,0.33653,0.32363,0.8266,0.00177651,0.00177651,0.00177651
148,401.699,0.34059,0.36844,0.82332,0.93585,0.92571,0.94405,0.87887,0.35151,0.32812,0.82702,0.00171859,0.00171859,0.00171859
149,404.339,0.34596,0.36782,0.82993,0.93242,0.93042,0.94019,0.88201,0.32689,0.31886,0.82475,0.00166149,0.00166149,0.00166149
150,407.008,0.33854,0.35228,0.8238,0.93577,0.92453,0.93909,0.8753,0.34483,0.32204,0.8242,0.00160523,0.00160523,0.00160523
151,409.674,0.34245,0.37303,0.83123,0.93164,0.92689,0.93539,0.87949,0.3267,0.32248,0.82467,0.00154982,0.00154982,0.00154982
152,412.338,0.33214,0.35813,0.82503,0.92853,0.92925,0.93838,0.88197,0.32393,0.31752,0.8244,0.00149527,0.00149527,0.00149527
153,414.991,0.34248,0.37736,0.82674,0.93018,0.92807,0.93961,0.88154,0.34095,0.32613,0.82475,0.00144161,0.00144161,0.00144161
154,417.67,0.34617,0.37329,0.8306,0.92996,0.92925,0.94012,0.88525,0.31769,0.31876,0.82278,0.00138883,0.00138883,0.00138883
155,420.321,0.33722,0.37036,0.82472,0.93548,0.92571,0.93839,0.87365,0.34799,0.3291,0.8271,0.00133695,0.00133695,0.00133695
156,422.97,0.33702,0.36342,0.82554,0.93567,0.92807,0.93778,0.87671,0.33805,0.32318,0.82422,0.00128599,0.00128599,0.00128599
157,425.642,0.34569,0.37714,0.83019,0.93567,0.92623,0.9374,0.88599,0.31425,0.31815,0.82211,0.00123596,0.00123596,0.00123596
158,428.317,0.34425,0.37021,0.8316,0.9357,0.92666,0.93998,0.87405,0.3467,0.32291,0.82631,0.00118687,0.00118687,0.00118687
159,431.054,0.3369,0.3718,0.82752,0.9355,0.92689,0.93822,0.88676,0.31206,0.3166,0.82397,0.00113873,0.00113873,0.00113873
160,433.722,0.34357,0.36968,0.82679,0.93551,0.92335,0.93658,0.87607,0.3309,0.32246,0.82545,0.00109156,0.00109156,0.00109156
161,436.524,0.33733,0.36899,0.82849,0.92874,0.9316,0.94038,0.87998,0.32527,0.31603,0.82459,0.00104537,0.00104537,0.00104537
162,439.187,0.3421,0.36692,0.82712,0.93553,0.92412,0.94124,0.87736,0.33864,0.31878,0.82704,0.00100016,0.00100016,0.00100016
163,441.851,0.33733,0.35695,0.82776,0.93535,0.92453,0.94223,0.88287,0.32103,0.31187,0.82628,0.000955951,0.000955951,0.000955951
164,444.504,0.33422,0.35577,0.82553,0.93558,0.92476,0.9407,0.88248,0.32642,0.31128,0.82498,0.000912754,0.000912754,0.000912754
165,447.165,0.32532,0.34891,0.82178,0.93559,0.92499,0.94125,0.88294,0.3351,0.3158,0.82557,0.000870577,0.000870577,0.000870577
166,449.827,0.33241,0.36746,0.82619,0.93559,0.9249,0.94246,0.87301,0.34696,0.32071,0.82485,0.000829431,0.000829431,0.000829431
167,452.483,0.33563,0.37776,0.83207,0.93549,0.92453,0.94159,0.8822,0.32349,0.31949,0.82307,0.000789327,0.000789327,0.000789327
168,455.157,0.34136,0.37164,0.83127,0.93558,0.92478,0.94245,0.88127,0.34287,0.31816,0.82396,0.000750274,0.000750274,0.000750274
169,457.809,0.33721,0.35657,0.82835,0.93559,0.92491,0.94144,0.89029,0.3128,0.31101,0.82206,0.000712282,0.000712282,0.000712282
170,460.488,0.33994,0.3743,0.82629,0.9366,0.92335,0.94278,0.88522,0.33459,0.31777,0.82451,0.00067536,0.00067536,0.00067536
171,463.144,0.3377,0.36731,0.82771,0.93554,0.92453,0.94195,0.88697,0.32331,0.31548,0.82463,0.000639518,0.000639518,0.000639518
172,465.81,0.33883,0.36354,0.8295,0.93561,0.9253,0.93855,0.88324,0.31901,0.31211,0.82417,0.000604763,0.000604763,0.000604763
173,468.459,0.3236,0.35779,0.82584,0.93567,0.92626,0.93536,0.87886,0.32905,0.31327,0.82451,0.000571106,0.000571106,0.000571106
174,471.132,0.33889,0.35107,0.82473,0.93553,0.92571,0.93805,0.88534,0.3173,0.30919,0.8241,0.000538554,0.000538554,0.000538554
175,473.872,0.32532,0.36209,0.82505,0.9355,0.92571,0.93937,0.87542,0.34265,0.31116,0.82589,0.000507115,0.000507115,0.000507115
176,476.538,0.32384,0.35448,0.82553,0.9354,0.92571,0.93766,0.8819,0.32425,0.31026,0.8239,0.000476796,0.000476796,0.000476796
177,479.19,0.32723,0.35719,0.82805,0.93547,0.92321,0.94068,0.88683,0.31425,0.31133,0.82207,0.000447606,0.000447606,0.000447606
178,481.842,0.33127,0.36792,0.82972,0.9364,0.92453,0.94038,0.88025,0.32571,0.31321,0.82226,0.000419552,0.000419552,0.000419552
179,484.5,0.31906,0.34423,0.82244,0.93672,0.92516,0.94222,0.88615,0.31855,0.30818,0.82209,0.00039264,0.00039264,0.00039264
180,487.719,0.32963,0.36569,0.82373,0.93672,0.92524,0.94263,0.88488,0.324,0.30888,0.82408,0.000366877,0.000366877,0.000366877
181,490.383,0.32421,0.34235,0.82515,0.93563,0.92571,0.94166,0.8834,0.33043,0.31124,0.82471,0.00034227,0.00034227,0.00034227
182,493.043,0.33005,0.35236,0.8245,0.93518,0.92571,0.9415,0.89005,0.31823,0.30765,0.82322,0.000318825,0.000318825,0.000318825
183,495.739,0.3244,0.35031,0.82627,0.93561,0.92529,0.94215,0.88838,0.3197,0.30816,0.82336,0.000296546,0.000296546,0.000296546
184,498.396,0.31127,0.35416,0.82357,0.93559,0.92503,0.94223,0.88672,0.32352,0.31009,0.82434,0.000275441,0.000275441,0.000275441
185,501.06,0.31984,0.34277,0.82245,0.93558,0.92488,0.94186,0.88433,0.3245,0.31174,0.82478,0.000255513,0.000255513,0.000255513
186,503.723,0.32094,0.34967,0.82333,0.93556,0.92457,0.94155,0.88227,0.32821,0.31013,0.8251,0.000236769,0.000236769,0.000236769
187,506.375,0.31963,0.35138,0.82405,0.93572,0.92453,0.94031,0.88135,0.33316,0.30981,0.82505,0.000219212,0.000219212,0.000219212
188,509.022,0.32183,0.35105,0.82193,0.93554,0.92453,0.94037,0.8836,0.32358,0.30811,0.82345,0.000202847,0.000202847,0.000202847
189,511.785,0.32308,0.34446,0.82652,0.93554,0.92453,0.94014,0.8846,0.31853,0.30679,0.82282,0.000187678,0.000187678,0.000187678
190,514.444,0.3238,0.35361,0.82163,0.93546,0.92453,0.94013,0.88039,0.32603,0.3084,0.82392,0.000173709,0.000173709,0.000173709
191,518.74,0.30181,0.34099,0.82151,0.93571,0.92683,0.94098,0.87996,0.329,0.30944,0.82495,0.000160943,0.000160943,0.000160943
192,521.353,0.29716,0.33852,0.81773,0.93618,0.92571,0.93923,0.88231,0.31621,0.31036,0.82417,0.000149383,0.000149383,0.000149383
193,523.948,0.29362,0.32999,0.81407,0.9363,0.92571,0.94118,0.8852,0.31605,0.3094,0.82435,0.000139032,0.000139032,0.000139032
194,526.543,0.28255,0.32363,0.80905,0.93608,0.92571,0.94252,0.88398,0.32541,0.30943,0.82509,0.000129893,0.000129893,0.000129893
195,529.142,0.28403,0.32637,0.8118,0.93559,0.92571,0.94304,0.88181,0.33435,0.31108,0.82604,0.000121968,0.000121968,0.000121968
196,531.913,0.28353,0.32667,0.80588,0.93557,0.92571,0.94201,0.88168,0.33024,0.30997,0.82596,0.000115259,0.000115259,0.000115259
197,534.508,0.28229,0.32169,0.81318,0.9356,0.92505,0.94189,0.88429,0.32086,0.30794,0.8254,0.000109768,0.000109768,0.000109768
198,537.092,0.28095,0.32838,0.81107,0.93558,0.92486,0.94269,0.88286,0.31899,0.30782,0.82482,0.000105495,0.000105495,0.000105495
199,539.68,0.28329,0.32346,0.80698,0.9355,0.92571,0.94273,0.88003,0.32536,0.30852,0.82505,0.000102443,0.000102443,0.000102443
200,542.263,0.27681,0.32248,0.80919,0.93675,0.92563,0.94222,0.88068,0.32864,0.30836,0.82518,0.000100611,0.000100611,0.000100611
